<?xml version="1.0" encoding="UTF-8"?>
<!DOCTYPE suite SYSTEM "https://testng.org/testng-1.0.dtd">
<suite name="Suite">
	<groups>
		 <run>
			 <include name="Smoke"/>
			  
		 </run>
	 </groups>
  <test name="Test1">
	  <groups>
		 <run>
			 <include name="Functional"/>
		 </run>
	 </groups>
	<classes>	
    <class name="Selenium.com.testNG.GroupingTestCase1"/> 
  </classes>
  </test> 
<test name="Test2">
	  <!--<parameter name="url" value="https://www.facebook.com/"></parameter>-->
	<groups>
		 <run>
			 <include name="E2E"/>
			  	 
		 </run>
	 </groups> 
   <classes>
    <class name="Selenium.com.testNG.GroupingTestCase2"/>
	</classes>
  </test> 
</suite> 
