<?xml version="1.0" encoding="UTF-8"?>
<!DOCTYPE suite SYSTEM "https://testng.org/testng-1.0.dtd">
<suite name="Suite">
  <test thread-count="5" name="Test">
    <classes>
      <class name="Selenium.com.testNG.AppTest"/>
      <class name="Selenium.com.testNG.Dependencies"/>
      <class name="Selenium.com.testNG.GroupingTestCase1"/>
      <class name="Selenium.com.testNG.GroupingTestCase2"/>
      <class name="Selenium.com.testNG.ParameterInsertion"/>
      <class name="Selenium.com.testNG.DetaProviderDEmo"/>
      <class name="Selenium.com.testNG.DPInDifferentClass"/>
      <class name="Selenium.com.testNG.IgnoreTestCaseClass"/>
      <class name="Selenium.com.testNG.AmazonSearchFunctionality"/>
    </classes>
  </test> <!-- Test -->
</suite> <!-- Suite -->
